frame,D_sigma0,H_sigma0,D_sigma5,H_sigma5,D_sigma10,H_sigma10,D_sigma20,H_sigma20,D_sigma40,H_sigma40
1,46304,0.00162423,11698421,0.00398341,23376245,0.00471258,45564880,0.00571373,82435875,0.00592978
2,1326623,0.00587191,12254027,0.00523245,23737410,0.00537712,45800708,0.00550444,82594178,0.00565972
3,1652308,0.00656443,12337442,0.00483989,23788000,0.00555941,45869120,0.00449074,82582053,0.00474151
4,1539185,0.00452932,12310881,0.00524498,23770992,0.00531732,45825747,0.00516397,82550626,0.00590664
5,1682267,0.00549576,12344310,0.00472126,23800630,0.00479070,45863059,0.00446373,82587467,0.00547936
6,2210494,0.01235822,12494337,0.00518229,23885201,0.00488715,45902117,0.00688947,82666120,0.00541474
7,37938,0.00047357,11712388,0.00391590,23371708,0.00472126,45606367,0.00525849,82580452,0.00598090
8,1657561,0.00598862,12353891,0.00427276,23813354,0.00571181,45849682,0.00580536,82636649,0.00554398
9,1529854,0.00450231,12323829,0.00464313,23794330,0.00483218,45864225,0.00635127,82641079,0.00688272
10,1717830,0.00843268,12343983,0.00566840,23780870,0.00586227,45848754,0.00619309,82580468,0.00553337
11,1495856,0.00551215,12270885,0.00388310,23752072,0.00499035,45792941,0.00730806,82562056,0.00570795
12,1530192,0.00533854,12311991,0.00460937,23761323,0.00426505,45836975,0.00566358,82638734,0.00579090
13,24902,0.00052662,11715456,0.00402006,23362698,0.00461709,45609502,0.00505112,82539846,0.00604938
14,4455399,0.01003569,13687088,0.00621046,24672282,0.00511960,46324780,0.00625579,82816770,0.00642940
15,2013024,0.00607446,12410989,0.00492477,23830506,0.00582562,45841770,0.00592882,82546949,0.00563947
16,1414969,0.00553048,12209388,0.00570409,23697297,0.00587963,45760248,0.00635127,82467276,0.00636767
17,1566718,0.00680941,12259257,0.00642361,23726430,0.00632137,45804935,0.00525656,82507913,0.00647762
18,1347118,0.00342110,12164592,0.00467303,23673928,0.00497975,45776021,0.00523630,82587368,0.00603781
19,28237,0.00059317,11704480,0.00557774,23385334,0.00520158,45653245,0.00477816,82422843,0.00550637
20,1550413,0.00743538,12211560,0.00629244,23677872,0.00568866,45740404,0.00549865,82530678,0.00493924
21,1294300,0.00719811,12156244,0.00706501,23635099,0.00562404,45750646,0.00554880,82511712,0.00466725
22,1254946,0.00614680,12156203,0.00328318,23654348,0.00594907,45765255,0.00565104,82552598,0.00509742
23,1339376,0.00467593,12205761,0.00641879,23697973,0.00569830,45786368,0.00582176,82595497,0.00483314
24,1574373,0.00904707,12270563,0.00622203,23732018,0.00680652,45794125,0.00600984,82586550,0.00544464
25,36820,0.00098283,11689064,0.00529514,23390519,0.00443480,45635783,0.00426698,82535847,0.00523245
26,1344180,0.00405478,12209729,0.00724730,23701692,0.00413484,45822099,0.00568287,82557965,0.00457755
27,1361447,0.00413773,12217461,0.00538484,23715982,0.00556520,45810307,0.00464796,82607053,0.00513021
28,1496881,0.00636092,12260330,0.00670910,23741501,0.00597029,45820036,0.00566358,82571802,0.00604263
29,1342111,0.00726370,12209595,0.00592785,23685644,0.00733218,45771830,0.00601370,82516049,0.00616127
30,3318032,0.02100019,12538351,0.00927180,23868148,0.00896219,45836389,0.00772569,82627328,0.00628279
31,40963,0.00156250,11702648,0.00412712,23355641,0.00449171,45582690,0.00562307,82446274,0.00548032
32,1438002,0.00702257,12251001,0.00567612,23717608,0.00556809,45791234,0.00474441,82566168,0.00531346
33,1388846,0.00490162,12239643,0.00513310,23748398,0.00630305,45802112,0.00423322,82517633,0.00610050
34,1458905,0.00511960,12262206,0.00550058,23766208,0.00562018,45790211,0.00583623,82460735,0.00648727
35,1695256,0.00706790,12331102,0.00438657,23790797,0.00459008,45759486,0.00497685,82573187,0.00514564
36,1398065,0.00365066,12250362,0.00560764,23728846,0.00540316,45767710,0.00430073,82439328,0.00614390
37,27637,0.00050926,11705307,0.00467400,23385628,0.00453318,45564180,0.00561246,82406545,0.00635224
38,1407884,0.00447627,12241257,0.00529128,23721602,0.00540316,45752010,0.00516879,82525636,0.00438175
39,1603486,0.00596258,12286783,0.00528549,23731532,0.00472512,45803914,0.00529417,82468046,0.00547454
40,1453173,0.00626350,12244238,0.00444155,23716146,0.00518519,45756449,0.00631655,82406897,0.00634066
41,1467464,0.00476466,12254527,0.00497685,23714778,0.00512153,45741218,0.00626543,82464614,0.00608700
42,1578340,0.00550540,12292029,0.00428627,23733561,0.00471933,45797510,0.00627025,82476442,0.00622106
43,29144,0.00074460,11705085,0.00463156,23370145,0.00509452,45593831,0.00589120,82342113,0.00677662
44,1460717,0.00334201,12256307,0.00543306,23719156,0.00508198,45748223,0.00506173,82404027,0.00676698
45,1546890,0.00511381,12273135,0.00417438,23725669,0.00572627,45757329,0.00447627,82374831,0.00574846
46,1667068,0.00778164,12322723,0.00532407,23778748,0.00482928,45791150,0.00461709,82486305,0.00466821
47,1425760,0.00642072,12232944,0.00617863,23713523,0.00574074,45742762,0.00656636,82467863,0.00575907
48,1564717,0.00477334,12245417,0.00568866,23714129,0.00531829,45742698,0.00576292,82445015,0.00454379
49,37779,0.00089796,11700702,0.00408468,23372802,0.00429205,45557106,0.00519676,82364597,0.00492573
50,1446591,0.00773727,12204267,0.00617477,23700483,0.00692419,45741637,0.00459491,82500037,0.00565876
51,1314728,0.00483796,12172622,0.00464024,23662688,0.00519387,45781174,0.00423708,82527408,0.00528164
52,1332269,0.00616898,12168532,0.00593846,23663974,0.00621817,45748556,0.00508970,82487325,0.00584491
53,1472448,0.00602334,12197568,0.00564140,23702237,0.00367959,45728142,0.00489487,82556687,0.00605806
54,1294263,0.00634356,12140205,0.00597319,23674853,0.00507523,45748702,0.00514853,82548078,0.00564333
55,24948,0.00053530,11693430,0.00550733,23380150,0.00466917,45575676,0.00562307,82449812,0.00572338
56,1324340,0.00718075,12178085,0.00697145,23689614,0.00529417,45771793,0.00555170,82531658,0.00573592
57,1552749,0.00565586,12276566,0.00475019,23754855,0.00545139,45763162,0.00555363,82639173,0.00565779
58,1339145,0.00470100,12184405,0.00527585,23677203,0.00443383,45715487,0.00616802,82557785,0.00585938
59,1302912,0.00604745,12179193,0.00541667,23673819,0.00450907,45767919,0.00593268,82594424,0.00548129
60,3196111,0.02067226,12469207,0.00908083,23840108,0.00793210,45829362,0.00741319,82720592,0.00529417
61,44100,0.00171779,11695931,0.00346258,23375994,0.00497685,45598390,0.00530961,82529262,0.00624807
62,1189336,0.00369309,12144938,0.00378954,23665927,0.00381366,45781477,0.00483218,82670955,0.00758005
63,1343909,0.00838059,12193867,0.00801119,23689013,0.00675829,45784073,0.00597029,82686171,0.00633970
64,1624522,0.00786941,12286208,0.00667824,23740718,0.00581019,45742038,0.00618634,82547615,0.00616512
65,1364802,0.00712288,12204874,0.00592014,23699238,0.00756752,45740035,0.00648148,82477695,0.00611690
66,1342314,0.00334105,12212978,0.00486015,23696169,0.00540413,45757571,0.00525559,82537357,0.00579572
67,21000,0.00039641,11715036,0.00467303,23391086,0.00464603,45584436,0.00508198,82505696,0.00532890
68,1633058,0.00895351,12305198,0.00571277,23734555,0.00638407,45774069,0.00550926,82495191,0.00623167
69,1455428,0.00427758,12247688,0.00418210,23701465,0.00477913,45769514,0.00550637,82466924,0.00490741
70,1450956,0.00437211,12216412,0.00400945,23673461,0.00510899,45703226,0.00563754,82433654,0.00550733
71,1465241,0.00799479,12219127,0.00629051,23675097,0.00488619,45761325,0.00589892,82502132,0.00548225
72,1446359,0.00826100,12213845,0.00661362,23686026,0.00650463,45760231,0.00596258,82498038,0.00544657
73,43022,0.00063079,11692199,0.00434510,23366767,0.00449942,45592625,0.00619502,82375300,0.00510899
74,1481228,0.00793885,12237198,0.00693383,23697928,0.00558835,45747138,0.00584780,82562138,0.00510513
75,1622688,0.00869599,12312096,0.00514660,23744901,0.00513985,45768933,0.00516590,82481246,0.00633777
76,1372380,0.00498843,12215763,0.00406443,23699768,0.00572531,45699006,0.00481289,82518497,0.00574846
77,1698509,0.00655093,12326256,0.00521219,23765195,0.00733796,45740254,0.00455247,82595119,0.00658951
78,186887433,1.61227141,184551555,1.55497203,182326330,1.36930170,180362321,0.97549190,182078610,0.57396894
79,16403,0.00099055,8234601,0.00294657,16073835,0.00388792,31293590,0.00460166,59784312,0.00456694
80,916048,0.00223765,8547599,0.00336806,16264469,0.00413484,31420468,0.00503472,59837503,0.00515046
81,2140595,0.00278839,9325516,0.00365162,16843972,0.00443480,31778997,0.00394772,59925908,0.00498360
82,1412904,0.00203607,8850322,0.00363329,16452256,0.00453511,31519698,0.00418306,59824035,0.00540027
83,919254,0.00157986,8582008,0.00366223,16282877,0.00338445,31452692,0.00473669,59725708,0.00551794
84,1242529,0.00278453,8751212,0.00432002,16408243,0.00409626,31503694,0.00474633,59822987,0.00415895
85,1634749,0.00194348,9007281,0.00384645,16600874,0.00430845,31612195,0.00422261,59944887,0.00377025
86,2475787,0.00314815,9618289,0.00433063,17076935,0.00407311,31912730,0.00408372,60047307,0.00437500
87,1082189,0.00294946,8660193,0.00402199,16363476,0.00510127,31453999,0.00391879,59838616,0.00582562
88,1824350,0.00306327,9118261,0.00335937,16705163,0.00512731,31645153,0.00371624,59985592,0.00529610
89,1455679,0.00350791,8943819,0.00352720,16561002,0.00469522,31594535,0.00471547,60013926,0.00488619
90,2452449,0.01350887,9297800,0.00788387,16793918,0.00551794,31755295,0.00428819,60013442,0.00496431
91,3175917,0.00525077,10196381,0.00405189,17549993,0.00447049,32271500,0.00482928,60252203,0.00459973
92,3390606,0.00380305,10380010,0.00469715,17725533,0.00467593,32399879,0.00439622,60383642,0.00590085
93,3505098,0.00492670,10452982,0.00477623,17769249,0.00446856,32452912,0.00415220,60406381,0.00635802
94,3690368,0.00312982,10568027,0.00474537,17839567,0.00498167,32466281,0.00486304,60413163,0.00591339
95,4175394,0.00770640,10896160,0.00563947,18101926,0.00696084,32627700,0.00577353,60478399,0.00662326
96,4083751,0.00348090,10850797,0.00431809,18053001,0.00339988,32595335,0.00640914,60446204,0.00440490
97,3647729,0.00283372,10562916,0.00342882,17834279,0.00468750,32491911,0.00562596,60370769,0.00471933
98,3488120,0.00283468,10406008,0.00389853,17747454,0.00427180,32380602,0.00373650,60314280,0.00472126
99,2858127,0.00338638,9930336,0.00428434,17358089,0.00485532,32142617,0.00462288,60123589,0.00519965
100,2155287,0.00345390,9527638,0.00382716,17085608,0.00344232,31990683,0.00429880,60088917,0.00556520
101,2621590,0.00365548,9824128,0.00360436,17300735,0.00462770,32121596,0.00371142,60188100,0.00492477
102,3612818,0.00442419,10526023,0.00434028,17838044,0.00443287,32502261,0.00523437,60469165,0.00521798
103,4375951,0.00453511,11088977,0.00435860,18270098,0.00396123,32758091,0.00485725,60624372,0.00527778
104,4641028,0.00604263,11307865,0.00602141,18474145,0.00545525,32913692,0.00566744,60745990,0.00516397
105,4903400,0.00542921,11530291,0.00581115,18670499,0.00531057,33065244,0.00485340,60878348,0.00666088
106,5486832,0.00882812,11989387,0.00720968,19068123,0.00703897,33434691,0.00748360,61152408,0.00621335
107,6024956,0.00828125,12445646,0.00717978,19480313,0.00711516,33762431,0.00694444,61365583,0.00661073
108,6335296,0.01026427,12640963,0.00962577,19635409,0.01000579,33887327,0.00914062,61523406,0.00864198
109,5894012,0.00818576,12323110,0.00727623,19371437,0.00740162,33757438,0.00723380,61600591,0.00782793
110,5507086,0.00884163,12005348,0.00803241,19144844,0.00809028,33656553,0.00731481,61610260,0.00819059
111,4666024,0.00514371,11386295,0.00647377,18642467,0.00541377,33349835,0.00575424,61472018,0.00614487
112,4830609,0.00706115,11507534,0.00618152,18741314,0.00622975,33461819,0.00683931,61613524,0.00694541
113,4729257,0.00470679,11430314,0.00559221,18717098,0.00566454,33427666,0.00524595,61613123,0.00574267
114,4575474,0.00602045,11273955,0.00679205,18586813,0.00637249,33388913,0.00589892,61627085,0.00583719
115,4280711,0.00464506,11082845,0.00424576,18452343,0.00455826,33288264,0.00464892,61573694,0.00452836
116,5025069,0.00812500,11662922,0.00644290,18946603,0.00590471,33655963,0.00704186,61894980,0.00707176
117,6140412,0.00744020,12571391,0.00790123,19704169,0.00808256,34287441,0.00791377,62284370,0.00824363
118,6436016,0.00992670,12802595,0.00944155,19914554,0.00911458,34473679,0.00907311,62548891,0.00904225
119,5996870,0.00852431,12496115,0.00730228,19698167,0.00720100,34365279,0.00732832,62484733,0.00680073
120,5733143,0.02034722,12098106,0.01042824,19373136,0.00820409,34161685,0.00872396,62477151,0.00676890
121,5099895,0.00780768,11812263,0.00618441,19150416,0.00682292,34031717,0.00612365,62486720,0.00649498
122,5442891,0.00716146,12080791,0.00664062,19393091,0.00716146,34220828,0.00743634,62593350,0.00657600
123,6116771,0.00817419,12647743,0.00672357,19876925,0.00666956,34626321,0.00710455,62871730,0.00706019
124,7200606,0.01133198,13494587,0.00970679,20615085,0.01043306,35204039,0.00965953,63360620,0.00989969
125,7909034,0.01322724,14075366,0.01114680,21107397,0.01118731,35629127,0.01106867,63834294,0.01076775
126,8149769,0.01332079,14275324,0.01322434,21304530,0.01307388,35846321,0.01256655,63974048,0.01201389
127,8228782,0.01309028,14358693,0.01257234,21418905,0.01286844,36029086,0.01242766,64239769,0.01202643
128,8012114,0.01416570,14183462,0.01235340,21293705,0.01211806,36036975,0.01229070,64358728,0.01192708
129,7869027,0.01188272,14100634,0.01194927,21274059,0.01209394,36050296,0.01131559,64500142,0.01124904
130,7842399,0.01440683,14065294,0.01330054,21266708,0.01245370,36115695,0.01176505,64622487,0.01250386
131,7579017,0.01141879,13896361,0.01081790,21156712,0.01051698,36085992,0.01042052,64778037,0.01115162
132,7868615,0.01156443,14172159,0.01117573,21424071,0.01129340,36353804,0.01141493,65139803,0.01130498
133,7356668,0.01054495,13754106,0.01008005,21085975,0.00959684,36153983,0.01012828,65036383,0.00998843
134,6499885,0.01058931,13031230,0.00831211,20482825,0.00862461,35731509,0.00823302,64926723,0.00824363
135,5612925,0.00665413,12381910,0.00708140,19996734,0.00685378,35419073,0.00635224,64741176,0.00705729
136,4644732,0.00497878,11656039,0.00572724,19396657,0.00605421,35038966,0.00586227,64487305,0.00724633
137,3548457,0.00402778,10831453,0.00396991,18723336,0.00422743,34554782,0.00423418,64185385,0.00595679
138,4001879,0.00579090,11196403,0.00556134,19052393,0.00494599,34719522,0.00539834,64380497,0.00576485
139,4440672,0.00470583,11581229,0.00445120,19369391,0.00558642,35032408,0.00510802,64572230,0.00543789
140,5141910,0.00562307,12110739,0.00578704,19818207,0.00634066,35363552,0.00535012,64789049,0.00659433
141,4501030,0.00649788,11607700,0.00495949,19372512,0.00559124,35076215,0.00414545,64586618,0.00571566
142,5630072,0.00549961,12524321,0.00560667,20120992,0.00609279,35600614,0.00575907,64774187,0.00571566
143,6024607,0.00823688,12758856,0.00688272,20317075,0.00616802,35661883,0.00681906,64808553,0.00686728
144,5942457,0.00663002,12695383,0.00677276,20253896,0.00676215,35589001,0.00723380,64748560,0.00683738
145,4568466,0.00505112,11674395,0.00437886,19422016,0.00432774,35001738,0.00550347,64363114,0.00631848
146,3509016,0.00352238,10854615,0.00462867,18756222,0.00422840,34530618,0.00551119,64091501,0.00566165
147,3777545,0.00330150,11101109,0.00431617,18950769,0.00382427,34678729,0.00584780,64220123,0.00508005
148,4592132,0.00520255,11749752,0.00405575,19505309,0.00476755,35043960,0.00658275,64463695,0.00529900
149,5670576,0.01148245,12585849,0.00829186,20189909,0.00618827,35580109,0.00565008,64722492,0.00573688
150,6293731,0.01304880,12837080,0.00656443,20377908,0.00539834,35701925,0.00696663,64845756,0.00623746
151,5997697,0.00496431,12859082,0.00450907,20418270,0.00578125,35788943,0.00544271,64827705,0.00559317
152,6432130,0.01045814,13215608,0.00866898,20750814,0.00681424,35982686,0.00639660,64981132,0.00480324
153,7054498,0.00610725,13705333,0.00565297,21120221,0.00585166,36250260,0.00580054,65156955,0.00532504
154,7521053,0.00694637,14079648,0.00578125,21433572,0.00574942,36476942,0.00623071,65257008,0.00581597
155,7073892,0.01310764,13649988,0.00738812,21051301,0.00831501,36155794,0.00589024,65015846,0.00720100
156,6777419,0.00668306,13413436,0.00577739,20809479,0.00574460,35924076,0.00699074,64771388,0.00659915
157,7700800,0.01084780,14257855,0.00845293,21548123,0.00873843,36490203,0.00863522,64992120,0.00818480
158,8183314,0.01457658,14630116,0.01018133,21828534,0.00995177,36681423,0.00900849,65071309,0.00986979
159,7378065,0.00895544,13871137,0.00703221,21129992,0.00702546,36120227,0.00727816,64686631,0.00755787
160,6579002,0.00501640,13178314,0.00501447,20576759,0.00511188,35604391,0.00557292,64355800,0.00557099
161,6149727,0.00849537,12831812,0.00494599,20281560,0.00489680,35388467,0.00545718,64186673,0.00508391
162,6230403,0.00637924,12916729,0.00567612,20339817,0.00456308,35391179,0.00545718,64116488,0.00573881
163,6890100,0.00590374,13491524,0.00562693,20822383,0.00525945,35791150,0.00533179,64267208,0.00556617
164,7408713,0.01513021,13928989,0.00996528,21196488,0.00804012,36055024,0.00728588,64445953,0.00519290
165,8400060,0.01013600,14801430,0.00836613,21939496,0.00732350,36564077,0.00626447,64769590,0.00647762
166,9111027,0.01270351,15431574,0.01007137,22498993,0.00871238,36992949,0.00553048,65000569,0.00772184
167,9898878,0.01899209,16093897,0.01516686,23084492,0.01174865,37503959,0.00921779,65266791,0.00684799
168,9949312,0.01203704,16152775,0.00978974,23132736,0.00886574,37489047,0.00737076,65242880,0.00506076
169,9653809,0.02089120,15718882,0.01304109,22718574,0.01007909,37123489,0.00694155,64940976,0.00520640
170,8854418,0.00957658,15031093,0.00729263,22108003,0.00652392,36617324,0.00549093,64428887,0.00515914
171,8290543,0.00822338,14561616,0.00756269,21674757,0.00657890,36281012,0.00519579,64212153,0.00452450
172,7588672,0.00732446,13941967,0.00683449,21165866,0.00628279,35858808,0.00576292,63988035,0.00544078
173,6879748,0.01067226,13365895,0.00711902,20632952,0.00598187,35423531,0.00531925,63667534,0.00520448
174,5753966,0.00607157,12422294,0.00547550,19851146,0.00616223,34829029,0.00456019,63256810,0.00470583
175,3032083,0.00293113,10387614,0.00377315,18211774,0.00444927,33694156,0.00468171,62520105,0.00493345
176,2536712,0.00337481,10005035,0.00323013,17914906,0.00375482,33474837,0.00512249,62407724,0.00445891
177,4673565,0.00361497,11702470,0.00439236,19275869,0.00493634,34447893,0.00621721,63091615,0.00489583
178,6495338,0.00786169,13194084,0.00611208,20517872,0.00548032,35355689,0.00509066,63612988,0.00511960
179,8133036,0.01126640,14590888,0.00863522,21738959,0.00764757,36360722,0.00712963,64288969,0.00639468
180,8852753,0.01474730,14967857,0.00918885,22060993,0.00676601,36546189,0.00599923,64429241,0.00593075
181,8431807,0.01323302,14691281,0.00991898,21779368,0.00798225,36333416,0.00667728,64325366,0.00598090
182,7734348,0.01121431,13974366,0.00721451,21143459,0.00599344,35826973,0.00505015,63911109,0.00523823
183,6934190,0.00793113,13237849,0.00578318,20504072,0.00465664,35351909,0.00480999,63622186,0.00640914
184,5313966,0.00463059,11964153,0.00373843,19436757,0.00490644,34578705,0.00456211,63097395,0.00449074
185,3787464,0.00694348,10812414,0.00535590,18511516,0.00428819,33880163,0.00573302,62741591,0.00555556
186,3114604,0.00340181,10385741,0.00499614,18136046,0.00394869,33611390,0.00569444,62505826,0.00533179
187,3369068,0.00329958,10540427,0.00517554,18268184,0.00450328,33669440,0.00562307,62577336,0.00633102
188,3892433,0.00373360,10927933,0.00412616,18564987,0.00479745,33853869,0.00502797,62682073,0.00579090
189,4676599,0.00567805,11545724,0.00525367,19075408,0.00557485,34207404,0.00545910,62849231,0.00686246
190,5205056,0.00578511,12011296,0.00568094,19442837,0.00549961,34432788,0.00647569,62912057,0.00620274
191,6676357,0.01531057,13175373,0.01326196,20388540,0.01231289,35075228,0.01198688,63197126,0.00973187
192,8321255,0.01586420,14615053,0.01561921,21619885,0.01569155,35969487,0.01485340,63725730,0.01330729
193,8552194,0.01656250,14722661,0.01571566,21664311,0.01577932,35950212,0.01496142,63437667,0.01388310
194,8243996,0.01755015,14457957,0.01362944,21404893,0.01214313,35679015,0.01242477,63200189,0.01246431
195,8314267,0.01693866,14509050,0.01237076,21471602,0.01041088,35656915,0.00915413,63153519,0.00841821
196,8968638,0.01643133,15067429,0.01319541,21915207,0.00824267,36021489,0.00683835,63326246,0.00478974
197,9266850,0.01997492,15314979,0.01191647,22140376,0.00980324,36208884,0.00638117,63530387,0.00546200
198,8729473,0.01092593,14880397,0.00917438,21766897,0.00778742,35907854,0.00652199,63320210,0.00636381
199,7929185,0.01781925,14139499,0.01071759,21086618,0.00793692,35415808,0.00672840,63050480,0.00599344
200,7193345,0.00899113,13506222,0.00587963,20540956,0.00621914,34992000,0.00616030,62814342,0.00597319
201,6561472,0.00668403,13021165,0.00623071,20136663,0.00504437,34694784,0.00488715,62658314,0.00547261
202,5995219,0.00447242,12554940,0.00527681,19743776,0.00423804,34388398,0.00377604,62609773,0.00463831
203,5895549,0.00780961,12448258,0.00639178,19655526,0.00549093,34318856,0.00560282,62509846,0.00528453
204,6095523,0.00590374,12551761,0.00498457,19757334,0.00517843,34425670,0.00494117,62520278,0.00497203
205,6501834,0.00667535,12936062,0.00504244,20084221,0.00496046,34667012,0.00469811,62748303,0.00489969
206,7538703,0.01330343,13866555,0.01071277,20883796,0.00901138,35301222,0.00732639,63205505,0.00649884
207,8447518,0.01429977,14566323,0.01164931,21515668,0.01160301,35802868,0.01092207,63642957,0.01085648
208,8642385,0.01315779,14743008,0.01224537,21691249,0.01174865,36033054,0.01192419,63971617,0.01178241
209,8227572,0.01955826,14354665,0.01318576,21372120,0.01225598,35848256,0.01221836,63913958,0.01248457
210,7337425,0.01575039,13457832,0.00961709,20608953,0.00945216,35334555,0.00910976,63646230,0.00900270
211,5073516,0.00771991,11806313,0.00673032,19247304,0.00738812,34330529,0.00680170,63146139,0.00584684
212,1985343,0.00339892,9517483,0.00457465,17450155,0.00458044,33126890,0.00450617,62445916,0.00611786
213,615442,0.00247782,8740778,0.00350116,16876814,0.00444155,32770962,0.00459298,62301677,0.00639853
214,292393626,1.31184703,290301852,1.25210455,288181638,1.12469039,284270415,0.94252894,275720254,0.75005883
215,47955,0.00201389,11697365,0.00562404,23309555,0.00610147,45658611,0.00624325,83937157,0.00724344
216,5282467,0.11714506,13415262,0.07274691,24408089,0.05165799,46269412,0.02772666,84444326,0.01991030
217,4581807,0.09597897,13052843,0.06579379,24150347,0.04598283,46172719,0.02375386,84589665,0.01431809
218,2727990,0.08527681,12197448,0.05360340,23618493,0.03721354,45917244,0.01934414,84669216,0.01362751
219,3824395,0.12640529,12385669,0.08042342,23725768,0.05728781,45959106,0.02966628,84847880,0.01714796
220,2565217,0.07553241,12156310,0.05101466,23572789,0.03640721,45849596,0.01784336,84896833,0.01223380
221,189252,0.00215567,11721316,0.00475887,23315980,0.00510610,45757562,0.00643711,84859058,0.00598476
222,3297821,0.10644001,12297853,0.06760706,23627980,0.04855324,45930503,0.02429688,85024684,0.01571663
223,2555035,0.07586806,12138493,0.05070023,23541192,0.03637731,45863147,0.02018711,85090186,0.01218943
224,3607207,0.11390239,12324847,0.07345100,23640437,0.05345583,45919546,0.02671682,85175549,0.01757813
225,2268037,0.07014371,12068948,0.04487654,23495095,0.03264275,45822829,0.01770158,85244314,0.01208719
226,3213098,0.09592496,12261743,0.06256462,23613356,0.04650174,45896241,0.02387828,85393444,0.01571277
227,222489,0.00251157,11701795,0.00500193,23313401,0.00520255,45701716,0.00593171,85402830,0.00576775
228,2721706,0.07302951,12195421,0.05438272,23589156,0.03964796,45870329,0.02234086,85555102,0.01324942
229,4178485,0.13527585,12507681,0.08457176,23748595,0.06194734,45914546,0.03203993,85494821,0.01924672
230,3511061,0.10392747,12429052,0.07486497,23728293,0.05428916,45878552,0.03013792,85562023,0.01859568
231,2677108,0.07831597,12261293,0.05185282,23619101,0.03672068,45767273,0.01872396,85663306,0.01308160
232,2956044,0.08399884,12249790,0.05294753,23606053,0.04102913,45733701,0.02160301,85693551,0.01378376
233,232095,0.00293499,11717187,0.00434124,23256725,0.00550154,45501716,0.00631269,85471217,0.00631848
234,3311377,0.10513310,12350621,0.07481964,23612519,0.05303337,45681821,0.02789159,85609336,0.01841435
235,3490645,0.10886574,12347823,0.07400656,23621716,0.05340181,45696061,0.02955054,85662774,0.01688657
236,2543188,0.06029321,12171317,0.04794657,23539649,0.03546971,45645264,0.01935957,85687406,0.01323110
237,3947458,0.12259452,12446645,0.08225019,23677826,0.06203993,45647589,0.03227720,85716282,0.01860629
238,2377446,0.06058546,12161080,0.04416184,23503340,0.03167438,45512923,0.01866223,85674015,0.01202450
239,204574,0.00244599,11709392,0.00469039,23218650,0.00530961,45350123,0.00591725,85605801,0.00498746
240,4527925,0.10425540,12613797,0.08135320,23738391,0.06160687,45582161,0.03197531,85585034,0.01874228
241,2316487,0.07880594,12120937,0.05255594,23461624,0.04051022,45362597,0.02298900,85385036,0.01390046
242,3455406,0.10456790,12342864,0.07560475,23545134,0.05636671,45386726,0.03159915,85448384,0.01901717
243,2344624,0.07101080,12116164,0.05042052,23432500,0.03698688,45306080,0.02132041,85443277,0.01275559
244,3263670,0.09429398,12285244,0.06846065,23518923,0.05162905,45321762,0.02817419,85403310,0.01699749
245,160317,0.00279417,11692259,0.00489969,23165785,0.00587288,45102987,0.00572531,85306424,0.00416667
246,2294901,0.06233893,12105323,0.04767554,23424404,0.03558063,45236813,0.01965760,85389709,0.01393036
247,3446172,0.10989487,12318777,0.07373264,23515030,0.05506269,45305857,0.03075231,85368413,0.01797743
248,2450311,0.06232157,12110729,0.04904610,23415209,0.03678434,45221095,0.02133777,85338976,0.01300444
249,2922140,0.08937886,12202961,0.06288098,23464271,0.04659819,45202841,0.02470775,85249494,0.01591628
250,2684667,0.07166281,12151193,0.05430941,23416151,0.03981964,45204158,0.02401138,85130204,0.01436246
251,181082,0.00225019,11702895,0.00488522,23155675,0.00520448,44982837,0.00574653,85068259,0.00551119
252,3557372,0.11208719,12297793,0.07888889,23474892,0.05725791,45136400,0.03000096,85105830,0.01828800
253,2753558,0.08011574,12154796,0.05766590,23393285,0.04631944,45061542,0.02630015,84957469,0.01630305
254,3373616,0.09869309,12297619,0.07265529,23459926,0.05308160,45074747,0.03004244,84887894,0.02011767
255,2369207,0.06635320,12071755,0.04671103,23340683,0.03429398,44912411,0.02153260,84746757,0.01317612
256,3474728,0.11199749,12290673,0.07358796,23442460,0.05341532,44936698,0.03000386,84745914,0.01791281
257,191701982,0.69950231,191960328,0.63690104,192587995,0.55298708,194487127,0.44201196,200206595,0.36528935
258,30568,0.00141879,11540155,0.00549576,22718973,0.00581597,44079598,0.00646123,83036671,0.00525270
259,1582529,0.00453221,11958653,0.00593268,22933744,0.00633488,44207192,0.00654803,83024975,0.00670042
260,1626051,0.00391493,11942692,0.00676408,22924439,0.00632137,44242290,0.00607060,83106667,0.00589892
261,1552320,0.00337191,11912141,0.00567901,22878872,0.00519483,44207966,0.00667245,83082141,0.00610629
262,42090,0.00057388,11532436,0.00532215,22703033,0.00583333,44138728,0.00604167,83056437,0.00575039
263,1712461,0.00317901,11934643,0.00615355,22929518,0.00530768,44242482,0.00633102,83058903,0.00546007
264,2785313,0.00638021,12347472,0.00614680,23146611,0.00705729,44368360,0.00608314,83162950,0.00686632
265,2919010,0.00575039,12387188,0.00569541,23187109,0.00623457,44344240,0.00614969,83135429,0.00604745
266,2487190,0.00565876,12192256,0.00600502,23073109,0.00652199,44332604,0.00646412,83112715,0.00603781
267,73328,0.00086998,11546682,0.00581501,22733776,0.00635031,44147154,0.00582079,83114102,0.00608410
268,2415584,0.00577450,12140754,0.00671103,23039204,0.00616609,44288323,0.00528549,83190511,0.00614390
269,4031681,0.00955922,12887026,0.00694444,23501693,0.00738715,44591530,0.00717014,83251974,0.00714217
270,5944626,0.01812211,13624304,0.00857639,23921561,0.00694541,44800264,0.00716339,83452643,0.00687018
271,3649748,0.00601852,12823202,0.00649788,23461860,0.00633584,44563620,0.00655864,83353716,0.00729552
272,58040,0.00061053,11551432,0.00590278,22712096,0.00510802,44194494,0.00609471,83235048,0.00568673
273,4840993,0.00852431,13399724,0.00562018,23822475,0.00584684,44795531,0.00693673,83458618,0.00631366
274,4841534,0.01029707,13250445,0.00676890,23737823,0.00692226,44716908,0.00740162,83481421,0.00559028
275,6437257,0.01119213,14447122,0.00631848,24582487,0.00624614,45214748,0.00721836,83843046,0.00662712
276,7632216,0.00985532,15340181,0.00710648,25212661,0.00706790,45651084,0.00709491,84054601,0.00690683
277,90369,0.00139178,11552262,0.00608796,22743978,0.00697627,44235921,0.00579379,83298051,0.00639468
278,8347570,0.00941647,15875358,0.00719329,25616551,0.00598958,45902278,0.00604938,84207741,0.00572338
279,8259834,0.00621624,15852602,0.00671103,25609998,0.00591725,45851040,0.00532793,84244179,0.00606481
280,8366678,0.00853684,15891395,0.00600791,25664858,0.00664834,45939119,0.00524788,84172601,0.00701003
281,8282834,0.01096065,15792868,0.00782022,25570086,0.00766397,45871772,0.00621335,84186161,0.00604938
282,101777,0.00107735,11564847,0.00563272,22758979,0.00540895,44285579,0.00568383,83370202,0.00565490
283,11222084,0.00858989,18190948,0.00651524,27463162,0.00632041,47162554,0.00632234,84967561,0.00606481
284,12134190,0.00873939,18939244,0.00690297,28075376,0.00581211,47660468,0.00704282,85247351,0.00656250
285,11332067,0.01300154,18231667,0.00706983,27508916,0.00590567,47206085,0.00760513,85075712,0.00766397
286,10728615,0.01309414,17703931,0.00835455,27093770,0.00742188,46924940,0.00788194,84940948,0.00720486
287,122464,0.00146798,11569331,0.00505883,22790443,0.00582465,44336167,0.00704765,83504223,0.00587770
288,9028925,0.01418210,16264742,0.00909240,25942341,0.00775752,46188736,0.00771991,84478585,0.00740451
289,8202661,0.00656346,15834246,0.00543113,25608968,0.00557967,45989829,0.00648245,84288007,0.00626543
290,8047032,0.00629823,15655357,0.00530382,25481228,0.00625289,45878630,0.00678337,84280067,0.00585937
291,7711108,0.00769483,15357265,0.00618731,25256829,0.00665413,45743005,0.00613040,84260960,0.00615548
292,108027,0.00111593,11579612,0.00492188,22802931,0.00654321,44365823,0.00585552,83523264,0.00565779
293,9640745,0.00888117,16876074,0.00706694,26417028,0.00805363,46511187,0.00522280,84706046,0.00675058
294,10109563,0.00839120,17314947,0.00506462,26815404,0.00668596,46759316,0.00711709,84919857,0.00576678
295,8167109,0.00907022,15764672,0.00641300,25579962,0.00723283,45993233,0.00691358,84374508,0.00531636
296,5704523,0.01069830,13892951,0.00761188,24184184,0.00719907,45130716,0.00710745,84012741,0.00606192
297,101770,0.00126254,11587382,0.00618538,22815709,0.00423032,44365013,0.00668306,83607910,0.00564333
298,4736541,0.01078318,13301209,0.00692901,23809066,0.00671296,44896150,0.00699267,83951701,0.00634934
299,5380631,0.01326678,13629937,0.00722319,24033700,0.00652392,45046703,0.00683642,84080149,0.00679012
300,6925705,0.03090567,14150831,0.01866030,24333719,0.01565779,45243684,0.01259163,84113703,0.01198592
301,5049608,0.00894772,13582445,0.00732157,24045340,0.00701196,45096404,0.00769676,84151524,0.00762635
302,57411,0.00095197,11594147,0.00520737,22861634,0.00574460,44431064,0.00575810,83766693,0.00533854
303,5770453,0.00942998,13967195,0.00744309,24285940,0.00476466,45285514,0.00700521,84146035,0.00600502
304,6035152,0.01205826,14120101,0.00761188,24397979,0.00698978,45319557,0.00697820,84216607,0.00819252
305,5713989,0.01206115,13866267,0.00936825,24185984,0.00839892,45257286,0.00718750,84206429,0.00697724
306,5815940,0.00659915,14027099,0.00672840,24342666,0.00655864,45308577,0.00548900,84220423,0.00617477
307,115913,0.00121528,11599946,0.00651620,22869169,0.00489873,44509758,0.00507812,83850929,0.00442419
308,6416128,0.00987751,14395469,0.00696759,24584977,0.00700617,45474074,0.00609279,84285263,0.00541667
309,5964952,0.00876157,14135249,0.00682099,24431838,0.00669078,45384715,0.00653260,84303160,0.00620853
310,5744845,0.01334587,13886206,0.00726466,24260992,0.00805459,45333755,0.00741223,84248658,0.00681231
311,5732501,0.01076968,13926965,0.00709780,24281347,0.00734086,45380707,0.00663870,84279863,0.00612076
312,118416,0.00100694,11616167,0.00553048,22886025,0.00567998,44567409,0.00603492,83823601,0.00699267
313,7163658,0.00958430,14975408,0.00638889,25065851,0.00617091,45838226,0.00620274,84504759,0.00705150
314,8449404,0.01379823,15876210,0.00944348,25724979,0.00707948,46207204,0.00673032,84809639,0.00628279
315,8242311,0.01139853,15690137,0.00833623,25576962,0.00708719,46157813,0.00682099,84660663,0.00687018
316,7723276,0.01480999,15252921,0.00965278,25232970,0.00845197,45882682,0.00729456,84549780,0.00755208
317,163464,0.00126254,11618613,0.00477045,22905338,0.00600405,44512399,0.00690779,83831290,0.00561921
318,8924620,0.00983603,16319423,0.00718750,26114078,0.00640046,46410391,0.00691551,84803452,0.00643615
319,9922922,0.01236786,17089625,0.00775174,26696823,0.00751929,46851031,0.00653742,85072116,0.00543596
320,9113313,0.00919657,16479724,0.00581597,26225849,0.00652874,46568281,0.00674093,84937543,0.00706983
321,7069361,0.01265529,14834730,0.00906443,24931728,0.01009452,45754185,0.00743152,84498795,0.00745274
